label,left_elbow_angle,right_elbow_angle,left_shoulder_angle,right_shoulder_angle
Good,170.28283223838702,132.06495980604265,32.458493297215,39.43243771817415
Good,171.28814525417408,136.9363706013023,27.711293077804786,44.93511870863751
Good,173.7498418451848,145.87829298617604,28.442005936416976,46.872956395757356
Good,135.1285831271706,152.4913851701092,17.97549252239505,52.594900270230006
Good,171.15434900227092,155.22274338430168,44.61886664420967,55.30959603320365
Good,156.73825868245862,155.1988894189287,27.197121093748493,56.68426681256709
Good,141.0638362664616,151.13036204319587,22.940877420653763,55.677994991593096
Good,141.31926022887217,156.42092788027523,18.61615129973659,60.34824255354603
Good,163.91439400198632,151.10912698822312,26.938914025604042,56.891803897249176
Good,166.56808941868644,154.77525906844238,25.169246049488805,60.95549126347372
Good,176.30537841309695,149.96218643438655,35.979316100011864,57.53941436190819
Good,156.15081915350265,147.53438439550783,60.627514221824235,54.80803308492676
Good,163.7099882345901,149.96063232006168,48.78957131922758,52.37386708541399
Good,171.29174345033198,152.35386927215498,65.69748457497059,52.6232545621909
Good,159.10786325843657,145.9326326469156,63.445679157425445,48.87466964549212
Good,176.28496130213327,146.78268145503583,48.66906086230764,49.261231249693644
Good,169.50418835880862,146.752845326432,48.90587090417993,44.24417473997067
Good,163.25678420154233,142.20016599593623,38.31452849905066,42.670982500033105
Good,148.81138700810678,134.16160656318306,19.250839811087722,41.168910915404275
Good,129.27163277552916,136.30479327964034,18.333700477671673,43.410107757720766
Good,111.43438190995218,129.5281781442764,1.8141166845427994,33.75885820511328
Good,123.87722605463023,125.12310531198219,4.52685014039486,27.82462236390867
Good,120.06375307379986,120.04347022276573,7.366053923830468,22.099795199620825
Good,124.64773530004118,121.66070854282208,4.8416605847745355,22.00692347561558
Good,120.15903454472269,123.89497136752999,7.674816654059116,20.703755598038693
Good,120.44376910606519,125.77710204617696,10.022518670694998,22.170529216899958
Good,120.02523690492063,125.2772286063555,12.29424465276395,19.310206467922615
Good,112.27370623271574,127.06542430742931,12.091496388016552,17.81218563591046
Good,112.5966026762739,127.93614589876185,14.11377019565646,13.698242523321605
Good,110.97578397439591,135.75623665662619,9.739428702579907,15.505495154440485
Good,111.329530404754,136.9558597665785,7.8183373702453665,11.541714704995826
Good,109.91383676254438,124.02535376563785,7.880648258106146,8.938905553053957
Good,105.92512658585616,102.42379293172013,6.815386606335876,2.766375909034433
Good,106.8068890441995,103.28820775151735,2.9453091968809866,2.0736656693988498
Good,110.14904335324752,107.6853668655522,2.097113154407552,5.961410068116923
Good,112.11750227448451,118.33159497336084,1.7966792005999,10.970959476284772
Good,118.33895830218728,116.25293177551677,11.439312934655613,8.744016422384307
Good,124.00609976016997,120.35180099246779,15.583026567809558,10.872199065887497
Good,121.35391724038789,123.96808845962511,10.82288300016861,11.504179881749444
Good,127.10290496875916,134.211531581576,16.16403066789729,14.378934751304042
Good,134.54078170784695,130.2260827652945,19.934441717954506,16.059719822404574
Good,135.578981464542,133.8409330967166,20.62409297035324,14.478360501082657
Good,131.6031727654558,131.33295660993278,16.721717540824088,13.306175236792058
Good,133.48392037478342,132.1601310623225,17.04815362750182,13.076257655628458
Good,131.91703733322154,126.92021236462975,17.477928135497134,11.82472978203687
Good,138.00910419948323,131.54648350143518,23.028016385188106,15.535020389664629
Good,135.05113065181737,132.28048454166137,22.497504009740187,17.268122607173346
Good,138.28954172122954,139.22965588641154,25.658390079584706,21.08005079808405
Good,132.01924587659136,135.9738052115137,20.724598292164035,18.973013941763522
Good,137.91165640311428,136.13259842515697,20.964452803552092,16.127054378957933
Good,137.93149250834045,140.14268732952118,22.73912356043633,16.852232389110462
Good,138.47833083466327,142.4077461413077,22.406556719122246,16.30258111434348
Good,139.859706130734,142.43297123882417,22.881259359781463,17.60755805161661
Good,142.43471264434822,141.94332928089605,24.306567674070227,17.19113344550901
Good,140.43068720121116,141.61839458211873,21.394088267792828,16.71020674916344
Good,142.20552649316465,147.05663359038857,23.817039568443086,18.89995721854333
Good,142.58238886465,142.65172277078713,25.56550261840825,20.28907770257907
Good,139.65971632239447,142.67314815864242,23.23470587112152,19.013050499454195
Good,142.3069485992589,146.48641107396625,24.306090086135118,18.200054912462612
Good,138.0665191271994,146.24083396086004,20.11086737646325,15.963571204873773
Good,143.74737235272002,146.25796917609185,24.54653788151079,17.467173318830085
Good,142.63540442724292,145.7490483453913,20.508922132251836,13.65238331718075
Good,138.5872720999925,137.06193680175457,18.024845826105945,9.136552729396232
Good,140.8511608556215,141.45038869531723,17.2623450318492,11.220553055261018
Good,140.83034455677426,129.8229434864019,15.178374885670774,4.400580202064808
Good,141.16699462675984,146.00081224648636,16.355251483759023,12.011250213022137
Good,141.1568211178438,127.34972731142307,14.6325227471754,4.592241356995687
Good,140.81443016906888,129.1820335605326,14.245131854018869,4.8863876030065425
Good,139.42052735601789,127.21768605431728,10.435365421010703,3.48432407815526
Good,130.1816028001612,128.48761068880833,4.280360424155515,4.845763589958116
Good,138.31760974204863,136.98383489296862,8.484222811893396,4.8348404661614905
Good,146.83244677747336,138.7567420153046,15.666648873905318,7.6347777380534305
Good,145.35225094929982,146.16210479337488,15.062204537404053,9.673817712175849
Good,143.1200206795399,142.7672361629943,14.630722910729455,8.619069469072919
Good,138.2639335749159,139.97687811432303,11.9616898121937,9.390248215715234
Good,134.4708894017466,142.66250130737947,12.30913178728379,10.357489200720378
Good,147.39578062961908,135.28478259945086,19.69838340105637,9.349482995468149
Good,142.93344663833778,135.10402059750353,15.803467188891174,7.250052897614358
Good,142.4765878492122,131.3871625995567,16.981729699734462,7.489203046832607
Good,148.09529260119422,137.71648545932612,20.6971784967855,9.849942428521816
Good,146.73725711351472,144.1807701351085,16.485559587029663,9.504914699104237
Good,147.77879590680888,139.0858764823758,16.899308259434413,7.789668165898874
Good,141.96282934285682,133.61271079095684,11.674263892903678,3.069574774948148
Good,148.66529491405632,143.00261956964235,16.98789739342962,8.451023624793068
Good,150.1679320093252,142.08193369530693,17.787937373756417,9.56814119940025
Good,150.3980516326442,143.62603111741313,18.922910919488345,7.0071631690337215
Good,149.9800287860321,144.7934465838876,18.1685922734822,9.6565514237919
Good,150.92092935595213,140.79329976097588,19.415418230620734,9.072769138038023
Good,151.413733534979,145.36574674628764,20.093079143534233,10.239169070172204
Good,148.90009070176524,140.2345024364657,21.60634020334052,12.54309118332588
Good,148.5391890517099,145.79125656346102,20.911033241414533,12.313407783990911
Good,145.455874864511,140.7378486550678,17.519907361689235,8.759262376919532
Good,150.8925200375632,143.4257407392156,21.520871026619428,9.379995297007456
Good,145.3330151177854,141.91710506760336,18.031457426465128,10.068991742015
Good,148.62961411730132,147.59434913689313,23.191743474838383,10.581929286008949
Good,144.89846651246515,152.38906969043325,19.084998658777124,16.89099224117197
Good,142.29446163257447,149.15733329522962,17.57787838111333,11.53675537797488
Good,142.6686558468412,153.68127228295688,18.09896427899316,17.27797844467971
Good,143.87053108776314,145.89208657287293,17.388409753754612,17.517210109757205
Good,144.35284577054531,151.1071817770201,17.741833920975065,15.071083680514556
Good,142.69185953102524,144.77025032699856,17.15867242748327,10.365284637888353
Good,140.9764205023112,145.10250189101706,16.653818021493542,10.857974355311814
Good,141.8435978725391,146.24260408218274,17.946642981257156,10.645790910618956
Good,143.80195568799607,145.98900141979703,17.87226343873228,8.224081578606866
Good,143.75738624613894,127.99192141727758,18.515615681075793,3.3778439696555798
Good,143.47676902873334,129.26513910387408,18.369640423365748,4.7933763733154535
Good,146.75569982476964,133.01108664719507,23.02308934317141,7.5942459884800755
Good,144.89151635867157,129.91195398820463,21.48454267621699,7.102296978388743
Good,146.3666577834092,138.12989349666415,23.19295224226307,11.160123664004027
Good,145.9056009435293,137.06019522195092,23.935860744523314,11.005880046753973
Good,146.75587788257317,138.94817061935427,23.08213664299877,14.512606910799937
Good,139.01892979451762,136.1567112165027,17.601511652586268,12.3341564363617
Good,142.83906515442922,136.9171168006555,20.577994836094597,15.598505428994896
Good,136.80005457269257,140.5203776445285,15.247489349106042,13.538981971056435
Good,128.57166680801961,120.41672571086028,7.495432025368366,3.5259653268038087
Good,144.07409123759086,125.74843266012209,17.45997036521007,5.412694079888649
Good,144.2487662286418,127.75001915059096,17.87763037260764,6.5393770262815645
Good,138.9172395591134,129.74404254181468,15.09237275810754,5.811732713183853
Good,140.7332882139705,141.03177397448107,16.593468913693016,11.589980713543286
Good,143.5773469005729,131.8737854045644,16.964684001807036,4.805698224928757
Good,142.7195583939757,146.5056353285889,16.27480609012823,14.891405978246599
Good,146.68409696229324,138.84908543907787,19.90439152281775,9.802022278255654
Good,140.66231098974322,131.38821136627513,16.321556651547084,7.234348628248108
Good,140.76975095027362,145.7651798697707,15.948016069999598,13.6892857054154
Good,138.73284235196198,138.66081824906325,15.1719281844172,11.275065778985843
Good,143.57741435962564,143.2284802133296,19.54626091534552,15.865440939556681
Good,145.7314360779388,148.84058126497163,20.821814771423732,17.103433835001137
Good,145.65777616252015,131.17768898923816,18.87816791186682,8.210453529528586
Good,134.03624831657928,136.4530020694936,11.681059766188804,11.052702273823403
Good,137.13353990320292,145.31739886406393,13.245012517464936,14.51487454036176
Good,135.22129912295532,126.83233243412573,11.193551218292841,3.8620544030989525
Good,139.74252294490154,136.6834589515736,11.584882009101737,7.6567040773183574
Good,139.3723929410287,138.1764532543786,12.414958696271361,8.107326684474925
Good,135.3201927896936,139.0216422464475,8.68786476964988,7.307415736700225
Good,137.92130475849666,143.95748289545134,9.29551026012636,8.45529672610306
Good,138.66888214198025,138.68845977285122,9.873456730002536,7.642896076508785
Good,136.111283984938,123.97818499171353,9.89105987165574,2.43019263358827
Good,134.2875601498745,139.08082496474543,7.862304324324044,7.9315280111045645
Good,133.62799103755913,142.72217647220987,9.087758756963144,9.432098927977957
Good,133.00317995982633,141.94062453354852,8.29062985731251,10.465746813154093
Good,142.55173558587492,143.6966154482339,12.871989803380787,10.06353155648607
Good,141.72210848056352,146.91606361138105,13.63411265577215,11.491218298051082
Good,141.42148385866778,132.5942877913295,13.54716024657497,4.747133872705182
Good,143.17313137366818,144.64125133446706,13.555118955275825,10.310270332682185
Good,137.59221368211007,142.3453491673952,10.33154749464081,8.762303380775192
Good,140.8964544503607,139.07199211481606,11.642524324922533,6.897282312982681
Good,139.70235892711568,138.7156809705191,11.493340503579232,6.858054992859018
Good,145.49874882182783,137.3551579119858,15.549203437144827,4.929850650898751
Good,146.7126841460933,137.3992961400614,16.41312453411781,2.7335732444829044
Good,140.43578403583373,140.9819959746104,12.282690134742964,7.492357469568009
Good,139.889467994225,136.9578635008699,12.490724689652764,6.89330733303807
Good,136.03079245772307,139.25636390630174,9.552012831049062,5.518516874817834
Good,134.11427531408876,140.19529393676746,9.422228909713018,7.547685396141248
Good,137.3650440253134,139.6010634791785,9.513910893195028,6.671190459536632
Good,147.94589125402965,133.84329223397413,16.895084087049828,3.0791724702897483
Good,143.75299849518123,134.52353558557212,11.938203823315664,2.628872307650062
Good,142.27863549702818,130.51329713159964,10.774901351267324,0.4065713404227734
Good,147.89110839746536,134.96921183671773,15.633588976569719,1.74803420779035
Good,147.35819825375725,136.06023554744144,14.799576769640048,5.3247904751318265
Good,146.5480878687211,147.48431434189249,15.425564002594491,9.913987955607409
Good,147.81897780338394,135.72026989582687,15.160289725612351,2.886930954969364
Good,146.71833403373716,145.1239457021759,16.263593580975044,9.07658258468987
Good,141.8999927560891,145.6552366575426,12.163514463518094,8.068097436262464
Good,147.48106380479345,147.0036890813867,17.401237401061373,9.533516089347355
Good,147.95471376289953,144.93362608471296,17.99786635085211,8.565059755086525
Good,143.9662584499367,135.08338858065687,15.908420330691293,3.9431931133571583
Good,143.05372841592975,136.16796502049732,17.384513091239675,7.762057350109751
Good,145.431032411313,136.2543491223659,16.7531428286882,7.802139506920172
Good,138.45179646919982,143.1884331945938,17.124071634692186,11.424837006386026
Good,136.51937023446996,129.45683694324754,20.048729432520567,7.953793570758526
Good,129.9053783163992,136.16155163366852,16.085960470235097,18.172922238349997
Good,130.46675014313885,132.70831649373415,23.72949323732531,17.51821619034649
Good,122.28105798796281,130.7683042627778,17.298422952479196,17.75810374616736
Good,121.81077224148609,126.59739385007381,18.724452234153,17.655883811012334
Good,115.57210393414474,125.10135083604561,17.242827361091823,18.01300634650706
Good,119.9294817594465,129.0183855410195,24.9713196308167,22.95997869258764
Good,112.04353372040819,114.75702204215165,19.458880809546468,15.118736004127307
Good,103.88757360249389,112.97739995465056,15.777141083007546,14.054017533897026
Good,102.64795669204484,109.7300864520733,15.567805363844665,14.290099714955538
Good,92.96969651946812,100.76043847808242,9.04056444649123,5.907124751398249
Good,81.69222800878205,89.23463586852694,1.8994793946811726,6.341070087717657
Good,73.66202579605483,88.18285884287612,4.881428779295818,1.170943070066314
Good,72.33339106861224,84.92307322916366,3.1128501437520204,8.080445154269723
Good,69.68950059579566,79.23519044822288,3.81042960265277,3.873554911362838
Good,67.73478014442088,71.8749326444298,3.020477312831159,1.0821935842009671
Good,72.97372232722635,81.06349361105725,6.441051620650708,4.62044090325369
Good,69.89281502833933,87.11350251915069,0.08879562273094135,12.987406900091967
Good,58.87447773925556,83.17987864491799,8.169262574277464,5.824125421664754
Good,58.54855152460689,85.3970538535999,0.5972131182806033,9.394579959341907
Good,58.55817518911125,83.46835459963312,1.3569212549396048,6.390561696047092
Good,60.74423765751106,83.44906522764862,0.29115114196066527,7.03425637036841
Good,63.673609762656916,89.13966071606158,5.194563116551831,0.6885081935548932
Good,70.87215025078727,69.4465909942918,2.348039590638165,1.2605324400895241
Good,73.8188645063516,67.6632932523308,5.023834817308244,12.344075185413937
Good,70.18513448032058,75.48034971902605,2.742812138574472,9.92124665732905
Good,75.68723374247094,78.15529400881465,2.0167479032692235,10.742840493342504
Good,76.82761300276808,82.58179842101653,0.13416685146280963,5.8321425092460935
Good,83.0565004156232,92.58127868259312,0.5607242510341109,4.913577033507101
Good,95.99291903536452,101.92409334704558,11.295082568350598,5.5830612847564485
Good,94.45190740770465,103.88395441997548,9.548183277562625,9.907470944076607
Good,101.75444992545002,112.745640612113,16.440766874639138,14.22835695099176
Good,107.65405364314917,116.45038943701701,17.23387124299982,16.157533256460876
Good,114.79934940589835,120.33486008823849,22.832091894995422,15.121211683793334
Good,124.33359144138743,130.31555395656605,29.795865291838798,19.608024814954554
Good,123.74962798946717,133.34779365427397,25.988167483037266,18.220294569227615
Good,126.34480052125227,134.5297425771174,24.538225711968646,15.675809827967985
Good,134.05838667398112,145.30584287838997,29.792338575344836,23.862944201976156
Good,129.77564012828518,141.97391857880658,23.76517053960041,20.64641858622336
Good,132.3204611060314,134.56844465769197,23.348193432637704,15.945726342313261
Good,135.59020743747882,136.05944866231303,21.801928814498854,15.464373788565513
Good,139.3451946553815,134.6923266067384,23.273486705217323,13.025201242816774
Good,145.8513219098089,138.72690121869593,23.717122532855953,13.314244915009768
Good,148.81995007729068,143.53691349648605,20.529795060648443,13.486255003079084
Good,156.49871586734795,145.8410230498142,20.87492094540455,9.906196741565754
Good,152.65024227622098,144.6716671058403,15.495066372891499,7.075268155810383
Good,153.84004371756765,150.76294208770892,11.536701495369957,6.157541950190108
Good,154.28246688026323,148.56293916663265,10.72286775240949,5.7708995619871075
Good,155.32167868841836,151.80088200460233,10.639943353033177,6.904653978500286
Good,147.46408076886544,152.49400127218385,7.144859253000317,7.089600074636856
Good,149.80642891228658,150.97882172138637,6.515159537081154,6.17066740096851
Good,151.59748024104925,157.2983563949612,6.731750685559707,8.180468259326696
Good,151.0200824602004,155.29509004270307,6.1176446164017495,6.814167494063889
Good,152.09678768288873,151.43907535582227,8.36610294739982,7.92076194802498
Good,150.4797976085364,148.36011471743004,12.359594844110337,9.009732363645153
Good,148.92876448460518,146.05836743273207,10.082564901716076,5.668674257080166
Good,149.4731167930308,142.0217490570697,13.157304431639982,4.2931542610534175
Good,141.03099420298307,139.3482073137112,14.578098115787107,7.490361221371995
Good,140.55071633802993,136.51422592863298,19.054559081974862,12.763411596413526
Good,136.09399150628423,137.8680223159879,20.638958378075046,16.748758736803875
Good,137.90589456131602,134.0890176905567,26.73797671482473,14.797292512926882
Good,134.38674059522873,137.80268310895434,28.240521161174556,23.68882990256785
Good,129.44785779962785,129.847681337904,25.388098767584857,16.929096647483828
Good,127.19266551410155,130.61270253795732,27.16605233033746,19.695453921376455
Good,120.99975372741083,129.39292704375706,24.4339177173178,16.494499286227576
Good,110.54594195788502,116.33017338233748,17.89050138317,11.250377168035715
Good,105.10401128460659,114.252225837938,16.655945965705893,12.97583837253234
Good,105.11346884643304,111.85129423885694,18.209655223380278,15.02514707611546
Good,95.10729171534528,94.75449291075564,9.191406714979749,2.1837262789988845
Good,89.79483643464177,90.6383077287237,7.248128319082058,5.713367899707262
Good,80.05366855643133,96.77932257565276,1.3482004146787978,7.909258401264563
Good,79.26895166689282,89.43305471366983,4.577722761435052,6.54454351706467
Good,85.20132026762113,80.50195959919711,13.061900414855671,2.922247580514167
Good,80.48362111138246,74.33015771631725,11.512222915803564,1.786521657848679
Good,79.05078702906802,93.33863331608234,18.851910940687524,3.9357516536431096
Good,68.53417044127028,79.6358065350085,2.4975150552427294,8.010025191272613
Good,58.59846261051692,67.20732452275963,4.281940244256778,6.231717893452303
Good,54.58568954708034,71.18328994704612,1.2045275609791497,3.5983000782979926
Good,58.1319488729607,80.91553647691201,1.6431709187314785,3.842258826477871
Good,67.68135885479802,69.32906098549486,10.352292514973655,0.9638207682305359
Good,62.84541211791153,81.6012395662549,1.7118458917128425,5.5470667207807365
Good,61.436311652434114,70.7281671697486,0.48804513364926133,1.1434540700382048
Good,71.13641510144136,82.41557928922266,8.841123149964462,4.187361377901311
Good,86.30714729448634,78.39081285468333,20.077197179929367,4.009716725271237
Good,87.1530084585611,85.35060858108582,18.797985502062424,14.866611369450572
Good,82.05533069249746,87.2752810188748,7.829084520229106,7.725275498458065
Good,83.68663427331522,93.6143138665065,7.9926910817988315,1.5246633257223836
Good,95.76487937494248,97.21180758677826,14.896550563752132,7.948672055388971
Good,98.78815452602015,96.8971468453268,15.632194641749939,0.709301350397082
Good,106.17821076995722,97.49324421550091,19.93176518175098,4.308943904851235
Good,103.53536533451258,111.12610484268441,17.380286294063232,11.13668570199707
Good,109.1561835441407,117.36053510124464,19.201608120022506,13.29111659928529
Good,114.42510348929774,117.1115349363603,20.629021255469986,15.169241636740328
Good,116.37031187668234,125.00986462416583,22.830973425204448,16.48281490651723
Good,122.34377298899727,128.33764049872184,24.136505014772236,18.048530089731944
Good,123.32517952859811,130.88371774096754,22.33419468451201,18.284002136102252
Good,133.45371974956308,141.0346599461551,29.024746792644315,21.059781061652963
Good,129.40766223520222,133.69553852071397,22.927726219099785,19.39403068387654
Good,139.3965681358167,134.12525227343082,28.87550660452219,19.153501751076377
Good,141.63552910226002,140.8462516932864,27.147916819705436,20.561189029942238
Good,140.76041836215467,137.12452248111913,21.994408521370957,17.798212436889557
Good,142.52958358140276,141.00039451577558,19.077960216180223,13.084623315617634
Good,152.4296578554249,139.3363096277161,23.23002986597608,11.605485214105425
Good,150.75930933113779,140.35584076694772,18.350655441278235,6.330572694736432
Good,146.92878989857428,145.27553354101894,11.648115042412433,6.481102695246122
Good,155.98261594953,148.36518372364526,15.212414280592998,8.539453863371826
Good,153.78975003950845,150.8923055958339,11.573685745230192,8.229682259295865
Good,155.6586518162163,156.1821385759368,11.570983853947048,9.200043055621622
Good,155.63471267288955,157.16536253112832,9.306755931070068,8.46666211436729
Good,153.28461659581964,150.2096330340374,8.358265735836719,5.534783287623126
Good,157.9625174765876,153.2101425729241,9.601426679525066,5.190170755524868
Good,155.51915959330887,158.06337685147042,8.983150105568082,9.021072184855683
Good,155.2370038992283,156.6906966028717,8.86555022381078,8.449783694869117
Good,151.7480944279663,153.42221644634984,11.218149626428895,10.823617722906127
Good,151.50547528929738,150.69372144450378,12.211572712014059,10.561032862408103
Good,145.03057580530455,144.77230640102465,7.70132040304281,5.416372282424146
Good,149.40607909990922,141.22362605004588,15.219406606104718,7.240043151950274
Good,142.78986174414553,142.52622617364253,17.263014357655173,12.102343501485283
Good,140.6187615850918,134.61705223336585,23.07385741382535,14.073534058058106
Good,135.80870684842387,132.21896675190558,24.215971397655764,18.29926863068244
Good,132.62542270209627,133.1183360751787,25.446141817783193,21.494785088787374
Good,138.87123761522056,145.37483235227904,33.34372051623332,24.69853188458383
Good,130.18030116197633,134.73512441757603,28.868728266100273,21.411064410727455
Good,127.33417528553679,133.08586385245385,29.16524900961681,19.704918373493275
Good,120.94092248641067,130.0239799697298,26.532592474153542,22.319590041254294
Good,117.10526506210388,125.22814912243615,25.223680860418682,16.89478839191989
Good,110.38616107878924,119.81171879049054,23.757438291648082,16.052154402186993
Good,104.80883898932909,115.49146400183704,17.86918315113091,14.524049882457255
Good,106.00030179708565,94.22113627500397,18.081390927048467,9.335514425808617
Good,96.83806545995162,101.90625800907274,14.545529199810732,5.250277966155002
Good,93.8774670389384,93.92490934983121,14.66662830041866,1.3082706732485165
Good,87.0779316872955,92.57069171055869,6.435197006190693,5.440735155412014
Good,94.0780985823856,97.99363302465282,17.219399531297654,12.792783347610536
Good,89.90419756708273,96.80203173681485,14.487125542698895,9.614793595552626
Good,80.72489940717095,75.22653278908898,6.431990277762675,3.3268900816294216
Good,73.68955662722543,70.04580598063855,1.1706545200246794,2.4231322508476962
Good,60.59927225954512,70.55864482631038,3.594158951866097,0.22090911754288708
Good,61.33902959260771,74.21527307539131,3.732603631706463,2.006891553118559
Good,59.05863630269729,63.257874616654696,0.7797133687638146,2.185122290177693
Good,65.70998410692643,63.41935606177263,5.562621797821538,4.4652160970731405
Good,68.77852580824391,78.16237538394871,5.472792558857731,2.588639112886872
Good,67.50547060315122,69.95950009540248,5.794722991109606,9.658408717526687
Good,63.18615536915332,83.037944777553,0.22647078336508095,1.674569175851378
Good,72.3917726048094,95.47809283844775,8.97102725641,7.666357347528908
Good,76.51411350497034,87.87930895146285,7.512145489131804,4.571658265828216
Good,85.43331431727913,88.84765577426161,18.128011930902407,12.186165720704613
Good,83.71939955718682,79.15847971744124,11.103047887860372,3.8956400526278347
Good,84.34218099044622,90.48234817972335,4.738180107284781,5.858759724667192
Good,81.09120571048037,100.14921006820359,1.228360035049589,4.13992156747995
Good,96.00720388997624,90.874753565652,12.889243191882555,1.7877650397546514
Good,101.42135626978437,108.76466792298076,13.854722001320347,12.196454208492641
Good,106.5915589811413,109.33810971638455,17.78686849620819,10.601735787471746
Good,105.65557615242021,116.8124813862058,16.84355868303668,15.112121721385277
Good,115.64783348171642,119.67167164365375,23.965550705090156,16.973485667436847
Good,116.88872869419528,125.27008215953961,24.979470585835543,23.615816115815626
Good,121.0259304621515,131.56865235267173,23.96275264148983,21.58335970565387
Good,124.04613035975028,132.21615828355996,25.689587716391586,24.158992035629254
Good,127.11949755321018,134.46813340573317,25.461522340925583,21.45753588845481
Good,129.48657163808872,134.38733418246258,25.3795950072531,20.66677098384107
Good,133.9119409680177,139.45592322474855,26.96280679070348,20.56652744050054
Good,134.0739409786983,140.73633716544228,26.354961604366316,22.041415403913742
Good,135.46170801768204,140.86001976323953,25.62083389673586,18.692136705898736
Good,137.71264203546505,138.1879739437634,25.023367826296784,18.525340533593035
Good,143.3080234571772,142.34935395723497,24.439629089185022,18.630719058881855
Good,142.75402122556503,137.28284954647148,22.983944685561266,16.069499220611323
Good,143.37690560656063,142.33775416181254,18.518382307713583,12.683033888954368
Good,151.12173311642394,146.84745631925625,22.11893765600941,14.908995821307506
Good,149.21486280930952,136.38133388501083,16.66231557284917,5.766770362803518
Good,150.58316109000654,147.22520577637513,15.589566797579502,11.529057178556004
Good,146.92772520558572,144.79248147934422,8.697795175169649,4.759898793852988
Good,157.04058622570116,149.3965609630068,13.827220404181244,6.80755094312912
Good,156.61933301625575,149.14541006153468,13.326079637945343,9.602926020086583
Good,157.34952402121837,155.0742797430667,12.645960002741454,11.032694502159273
Good,162.54804837693888,159.20785937076886,10.89735695080139,10.053674603741678
Good,161.62885976341522,153.02030981836066,9.063390492768074,4.988145944578916
Good,163.56662977932695,155.32996200432464,11.15685472145977,7.180076383283538
Good,163.01036295962734,165.48950386803708,9.812526561757114,11.8865719399828
Good,164.93297322293265,164.45505935951795,11.220846934395212,12.050274621474127
Good,158.7040189545413,154.2789806382267,9.710845243412088,6.627756706975783
Good,160.74923584565786,159.21887668818746,10.565205262421422,9.749498631773275
Good,155.89769374121173,157.77343712631836,13.127471189079177,12.607122418539698
Good,153.13442611191473,152.13235850053803,13.18243993389609,11.860440348835525
Good,146.46831473308904,140.83263710152693,9.72370110315555,5.127340447926933
Good,146.9613749026245,136.5049814005429,13.172258678775385,2.9896174254212915
Good,145.5223375421883,136.74468073825912,18.858316342568262,12.584790562819393
Good,142.93935236669225,136.25905560107276,23.52785671846126,15.748513781228322
Good,136.40260239299414,137.4512984865237,23.954125394493676,21.31982388447037
Good,132.76900258511142,135.82882699065573,25.41375926298666,22.725617342595694
Good,129.69529994908365,135.90590351979654,25.310181857952685,22.377150451853005
Good,127.24750369925653,135.2620925678188,26.519457429245566,24.477863066346703
Good,123.47636919300605,129.10774254153947,25.66105539427705,22.362705206436665
Good,118.27613503231241,125.885493162384,25.433788520716163,22.893099845513788
Good,118.42547617039956,126.55111453083376,27.84000835083488,20.875712842861166
Good,111.57329055878786,117.87148341322748,22.999717164238522,14.551603260403335
Good,103.23914699898579,103.24177477155217,16.270317799859644,4.10615102428451
Good,99.75296369638697,96.97670686577429,15.176067669651177,2.9130972643918556
Good,96.4371339338213,101.81551365486634,15.233122840151623,4.048320032162418
Good,92.59559114200204,97.33481795533034,14.979667800868647,0.4769283628219266
Good,77.21707972888242,90.08317678019442,3.099228572339071,1.4480724035142205
Good,80.61170563871418,83.02634801548398,10.52404000863386,5.860535605263189
Good,78.85642606688808,98.06088900754489,9.991140424881019,4.9893681291373415
Good,68.5952661472317,102.1402986859199,1.1419021553254738,2.4531585850703173
Good,60.6993291884313,83.4096661243245,3.6854050469452653,0.7386857950200826
Good,56.28059137561617,68.35504691163115,3.493500814656624,0.04063261451203406
Good,60.58624470448098,81.43854809936653,1.4913551482607148,1.1802858492408572
Good,53.40264563174605,76.355106046727,5.971179212267551,0.6873266611170114
Good,53.36935900598732,76.31680998296378,9.612351966342747,4.11749717562472
Good,61.18383897425419,88.83734597775656,0.14214869650614442,0.009122342793581666
Good,73.1519084576833,88.5759570738994,10.796827155992137,3.0593779526482803
Good,69.63830704792595,102.18879907883974,5.733615459686923,4.913167701848311
Good,74.13096659311961,88.32279875634335,10.02213289713693,5.837291641700831
Good,77.55638604145851,98.2078993945058,8.458264673311952,6.5570509177181275
Good,79.3127990433834,90.9138008421143,4.473678051702909,1.6403338700619854
Good,85.09521934153939,98.80904793615746,4.70955660262481,2.166804004357857
Good,96.67520550414149,98.60533035872727,14.382783980989442,1.6425760862028482
Good,104.6094743771942,101.77411112295255,16.144295034916258,4.660321592246698
Good,104.44818392255571,106.5774335335521,15.39614745825016,4.2023871832605755
Good,110.25101408244647,106.9712536336393,18.52798140737253,5.860365015071984
Good,117.5984524984468,128.068190625867,24.942746187638317,20.948745660130236
Good,115.13569856128032,124.44370503963938,18.291292650562387,19.69270146046838
Good,122.9338495353909,131.4426205418596,24.824889876079986,22.330931854260083
Good,122.29143637578449,131.30300302962806,19.462068858782278,19.70312245917327
Good,125.89111175446959,131.59308921944768,21.62730855843517,21.815603496215648
Good,133.65237038193493,141.10146732859596,27.322898910061614,27.160636359682822
Good,137.08508943225348,134.8374660839167,25.024791019064583,21.71293246711345
Good,139.62352934432036,142.95285371945,28.317126095594208,21.851445247520857
Good,144.3834825607552,142.65318418491827,27.224757670822623,20.70698584968784
Good,145.65411931674228,141.632887973551,23.915037629856766,18.257145156880764
Good,150.3565402982045,150.1577386858576,22.8752122707523,19.056588151017117
Good,154.3037713052154,137.09557061371007,21.638276609646894,9.159100479234612
Good,152.3957280757078,161.4801866696801,15.005041003007653,16.029019968247965
Good,157.37712033800383,146.94520238890325,15.446362915313102,6.769994647943007
Good,157.04568742861676,162.55466849429493,12.956482324642463,14.172276437040834
Good,155.82850711073385,161.46107121944513,11.462727216275015,12.302196364630001
Good,157.75360211726692,163.08099542182902,8.894379710936507,10.93170754609409
Good,160.68912841392347,158.51852221366272,9.39952728441899,7.005918375230481
Good,158.77088009750108,153.5434072390483,7.050680285013307,4.880414047047907
Good,157.1335125718984,149.04003494263964,5.421801123387103,3.507828736167113
Good,152.03750827948645,152.02836922949132,2.672832849633507,2.2475016811622632
Good,154.5570567597364,152.37132076976732,3.5359392216153447,4.109950972570702
Good,161.6547865907603,156.14867665559035,8.301811827667084,6.579558504047569
Good,148.58831664646905,162.57570226600154,2.0400091735772046,9.607913065798519
Good,154.7842710008533,154.3196179909764,10.199526420282043,10.329216811619984
Good,144.43504549740044,142.11457473891758,6.620525161270849,6.260611907274523
Good,154.25805071857087,154.57216750385152,13.266634436526589,10.525950205396262
Good,138.81777766226568,133.91128069814374,7.544170328773812,1.4634845966071834
Good,150.35244225622785,137.4448191152478,17.055614239649927,5.855027879611401
Good,144.69291042632133,137.46858310270252,17.43560675257403,10.43065528908501
Good,139.6551505984528,135.94768746635,20.73222439923845,15.941299968425362
Good,138.12990012456973,140.99144991616097,23.376566959115607,21.70138167104125
Good,131.10340780671203,136.0983442729921,20.456801992434862,23.37006964048022
Good,129.6908538425345,138.3428909570302,22.706972509670706,27.86319415403125
Good,128.71739691715962,137.62096545429884,25.759877492077223,25.61780537350416
Good,122.92729493545306,133.6269573076513,21.144752489584874,26.966732455883562
Good,123.13385374820612,129.65455042520614,23.50053028430449,25.568928479474256
Good,118.01322421127001,128.3599427139434,23.583732194283147,25.56708840743342
Good,119.00802512869998,121.14341877121302,27.295978689956577,25.290117930319774
Good,113.47643445735541,113.5562686351651,23.066040309575225,14.588928636455206
Good,112.13088167344488,105.82263984863899,24.465308554201336,10.887133497430773
Good,105.35699264908818,104.52617535799776,19.821139333021545,11.919783012093033
Good,96.43224126385496,97.1643084266064,15.819859320114327,3.402353689933118
Good,91.77568925971185,93.68686937175386,14.992303700418336,1.8347504900870697
Good,91.14847172284391,89.83274660507107,16.73310650356252,7.032776749897574
Good,79.91911564803691,93.042726743243,10.725377560268749,8.897348439084013
Good,77.72987475121705,85.80501330522769,11.697218045378897,9.05971499782407
Good,75.04890555753504,90.09149305911507,9.309049224790956,1.4012158216500918
Good,64.28825746627788,60.19868672769434,2.7047255332760503,4.1173161907377835
Good,73.42790148889314,38.817357651900124,8.33623448437686,8.014365486210599
Good,66.95010697038043,65.04827089602621,5.6356472540909195,2.0688882854350923
Good,65.78201401802131,44.660988132290896,9.884532310859402,9.107000872119443
Good,55.42579876388398,77.88260019186666,1.133367831271946,16.398583251561718
Good,67.38269316201294,79.00519607284039,6.386727492671197,11.967837803077504
Good,75.21037557640939,122.86309116607893,11.920620943713136,6.413757239038433
Good,67.32217629958114,102.64056307575572,2.40362703189382,1.5528840083291062
Good,77.78721993493984,59.486716243203794,11.934329011600985,1.2932818655685476
Good,73.73471287018216,82.09844061579697,5.974737155199212,2.610521971665869
Good,73.98995049358955,63.92138481636115,7.190684058352815,5.979063366280114
Good,87.62922395272541,66.8684191773492,19.49432445352554,8.998692899559213
Good,82.87420146881333,84.61364077198752,11.01734432436669,18.541256254696805
Good,80.16132835234383,89.09123883099011,6.449059554428121,9.646301728354237
Good,92.48562512611198,98.25433635130753,11.25205042621373,3.5556779619709897
Good,89.91406851064454,96.4519983938027,7.4552665005914225,5.8881036418961195
Good,100.06131019143855,101.12177006813951,14.962406468397623,6.596843396995037
Good,102.03797133877954,103.69806007421484,15.440677511592868,10.83774550341947
Good,105.70392819758268,104.70896433620723,14.874493092388736,11.972037975328371
Good,109.79995977030192,111.43874089970186,16.663823146290778,7.489987096452297
Good,108.95987106551716,117.9470557277543,17.40458547962229,15.524501156231926
Good,119.88682596983031,124.21252133365292,24.06358217260151,19.30989824597668
Good,119.42609261215482,126.75556003959412,23.183696803663583,18.003996483519856
Good,123.43381713777464,132.56771652280332,23.514400965186248,18.153984806234728
Good,128.85241093688472,134.55757089052926,25.78185407616471,18.764152304509725
Good,131.82044528328785,134.3294329878673,25.388600503771652,17.761346465983582
Good,134.22364246019387,132.19455971250852,25.957845169117256,19.64277051239097
Good,137.63079395985855,131.49185376880368,25.242017006802502,16.34835582127831
Good,141.36003902077593,133.60317885307313,25.184491241078724,15.235445908147556
Good,144.56197312692646,137.60798698998008,24.44679462574514,16.244994943464267
Good,146.89979029020796,142.89077060384764,19.835459734565497,13.398226067778475
Good,148.20356923942705,138.97490515134425,18.05792751501562,8.002199009781991
Good,144.3655856514009,139.1987121124808,12.32843818947104,5.526915766909048
Good,154.27056632946545,145.19153418215885,15.0102355951295,5.919675301750966
Good,160.77817362640616,152.993397436904,19.423200668125354,11.495140495190867
Good,158.87118274326124,150.93563329710267,12.276605775287107,6.480096878192141
Good,160.39026507389354,152.40961716491526,10.413379503358964,6.862004601433683
Good,162.6999066091966,151.72038538586236,10.485213263640045,4.797566438856447
Good,160.95948138365543,157.93317349382716,9.017976490466696,5.281083513405236
Good,162.80224090433566,162.25153863316987,8.92012322978539,9.569826314972698
Good,165.74621097652866,155.48490043973044,10.268284232356523,4.187350437859061
Good,164.25368424278915,154.2079676688719,8.769398144131555,3.3979478174215516
Good,163.50287550627544,150.27486475982153,11.098566098167325,3.8975115308093526
Good,159.31708302969804,155.85265561786184,8.534379472384712,6.8630451036364635
Good,159.60487344038523,159.49976685027863,10.0794141157838,10.060043567033476
Good,162.0626911584118,151.12824998647667,16.351176003619862,8.739333018288189
Good,146.77160326167902,144.09171532397164,9.501263392997608,3.968693370053534
Good,142.52387798389657,140.74080350370772,8.195877083692398,5.052454800843835
Good,139.99159871167217,136.1182267094041,12.350643742327653,6.739359035639461
Good,139.86475044694345,133.4927981435943,18.456675738141826,11.197912972889773
Good,134.15389208644177,138.32065438124832,19.569525707273986,19.083655572877078
Good,130.30422782236334,136.68504123977496,20.204142182524585,21.63742909608275
Good,130.11480724070438,135.2231702496273,25.171689939499352,25.405791079425978
Good,124.46292376579416,135.54950668869614,21.440363983339065,21.911809523541578
Good,124.86588492412926,133.13110988489396,26.448113070233696,25.567088150981412
Good,123.67172440684622,134.13995606144653,27.995094890025626,24.068713445241176
Good,118.81839481778707,125.62050375542569,26.68911074813343,19.985843102504358
Good,114.35995995268031,124.45132927853555,22.693563849639162,18.055697605004315
Good,105.41650334964396,111.19841147523552,17.29606262328565,10.945452477481266
Good,104.6771973021151,105.86835455514134,16.856502039621866,10.945858658976798
Good,99.53295062629499,106.17902043114739,16.349588450361797,12.611475150585267
Good,94.03081794799924,105.38644085289354,15.826822416503951,11.976059874541582
Good,92.83258903255197,101.54297242692763,17.552494665968513,15.738651456762202
Good,102.29268248373283,85.30712591640842,29.283159885838458,14.036528480000678
Good,90.79032477117099,86.57626107696225,15.10829029689073,13.056010171906044
Good,93.57003345366489,77.5145539240789,23.93744331473712,11.538145471052413
Good,77.9203739339615,65.81497276245094,9.951699203567998,2.0801906275918447
Good,69.06058676446108,70.93302664491338,1.427235398296482,2.482252902665105
Good,72.9721884307019,70.62815596877307,6.137978782059003,8.347964865456529
Good,73.77732336419355,102.02727062005016,6.833261467534378,2.27343812945096
Good,64.07967059782088,120.07032971876828,4.107379798640694,14.427862583287164
Good,71.74002704540995,56.773225641722576,16.45550506389762,1.3761810047648313
Good,67.82561788786272,65.90629853523274,12.116256075002365,6.819716664417445
Good,71.72466034091657,104.64619964762085,11.018935860337079,11.255712774536413
Good,82.22617642870844,93.52001008216102,16.012360028558493,6.628851412470418
Good,75.0831429669601,88.53513305714417,10.047637277030148,11.398841880267135
Good,68.57024980814495,48.35077396024952,4.3267752091023555,1.7114240928759143
Good,72.34725339598455,48.043639323917446,4.025771441281135,6.49691671453803
Good,88.94251164443804,77.79726466587478,21.6655700903469,16.652547590990892
Good,83.74356635435251,84.86516702123069,15.856755449924751,16.96203322079086
Good,101.32077454467021,81.6231140594551,26.42569398543189,12.113584088866922
Good,90.69048440553543,98.09304194557748,10.931270453413035,7.085498531108156
Good,95.26899498860017,94.44729817914066,11.02421530705902,6.821537198697283
Good,104.50693447832326,100.16640152762012,18.234342096297212,7.570452863684554
Good,103.44188057334047,105.72629255062705,15.438271906293728,10.453458453256824
Good,103.78145936655679,116.6178380483617,14.295328583770317,16.68822348148013
Good,113.55914213181089,126.9302721709123,21.27072575377981,16.235501433427498
Good,118.57329076709372,127.67086211275586,22.88020057095571,22.012192248952406
Good,120.09650059928141,128.34727604075556,25.04972974942371,26.078082212891463
Good,125.42993423931668,137.38804793584634,25.947944460924703,27.12868164401737
Good,122.759887368405,128.57466344470959,20.19679579016211,18.706111626824352
Good,129.4715247270056,138.9652869267772,26.360825848676775,20.67494693114704
Good,134.09033611513613,138.10350544668978,26.297621665904565,23.399897166700104
Good,137.13229991243364,138.45729170090053,24.898263719232396,20.234944340771875
Good,139.03781597869843,140.61915564193447,22.562902340179008,18.047127281245153
Good,144.3507281009439,137.13476148248978,18.846804434727307,10.253094026517461
Good,142.0467711303383,137.89721291616198,13.429663722919134,8.262914519455357
Good,145.68670118925624,139.29130215836346,12.82836264551729,4.456416448326043
Good,148.0186303299151,145.54339822970022,11.701453681453525,7.0786125439461465
Good,158.2325595237672,148.8155809266609,16.079182538277077,10.148244775718872
Good,159.0086666331165,153.73840100876495,10.237507477130276,7.7570413405500735
Good,162.69765250299736,165.71526069521096,10.986154245684336,11.65020522921686
Good,160.1385543340369,162.18471173981453,4.932181354240584,7.796068842223307
Good,160.30164292823522,158.08638488439118,2.424041119512117,2.4407368012883595
Good,163.49790170800875,148.16150174849471,2.7920830665574545,1.1597320517793925
Good,159.87806520198674,146.72904645410074,1.1298355719736033,3.4321566031250264
Good,160.30910291507195,148.37211864035598,1.3726751215401731,2.627568979834464
Good,169.7976242008528,156.25502705440692,5.659149178267326,1.9351203607473517
Good,166.83064740374084,153.5853708974079,7.0990950433815705,0.9550474761509554
Good,167.21368541316136,155.04289184990424,6.733595037553985,2.697314985307597
Good,162.23979109185834,159.35220072214153,7.610646962377433,7.593588321505976
Good,163.60236165239198,166.55513721207527,8.682159481517463,11.536769146620216
Good,159.70644358779597,161.05476504589356,10.384446628673706,11.275302221786971
Good,146.5103452203336,150.31926542921858,4.8165168452064995,10.657554370782497
Good,147.97251155608603,145.74281544750613,5.973887073346171,6.875032721341384
Good,140.38509128663694,142.28280699156699,3.362964765854397,7.27204247910255
Good,145.419457565471,143.20232695366812,7.632743131495978,10.228537144888849
Good,141.2650250705572,137.02659041166513,7.9327348527742645,10.54167251707036
Good,136.09098091074355,151.52430552220895,3.523520949600194,15.223212493260366
Good,134.96632785286593,135.0232507517967,2.692379496569115,13.205276384365519
Good,131.4936791183768,132.09378902720567,2.045746025140451,12.07368769894212
Good,131.82876373666602,137.84594682379947,0.0009870829731624105,9.476731596655846
Good,127.65666152484013,133.30714178142796,0.24646089333854504,9.778396080170088
Good,128.51449126056923,149.34905620896035,1.7113571733871291,14.438165288367903
Good,126.24142564870823,158.1619565171426,1.3668578708453558,18.3636563712732
Good,128.30822006049425,177.36539311758523,2.154628248452195,17.319386446542516
Good,128.29761327728684,179.35047082904575,9.62828834655083,11.157503631245927
Good,130.53494493118643,150.62631164496534,11.0153418254611,5.638765901560751
Good,130.8372702114989,150.67508835349327,17.56326143596995,8.797572447183066
Good,127.83839918589626,146.1591932882694,17.334908349021546,11.431210203230512
Good,127.97544607619793,144.21106112053664,15.76662468488914,10.816322240207208
Good,140.88043208267294,146.82502483345107,6.674688295708959,16.63396208199279
Good,128.5362870444423,143.3770653483117,16.74516253862515,15.183802664405729
Good,171.74296495944623,129.31966133208346,11.524731671673901,13.936722458634803
Good,167.7493144796211,137.13627911305548,5.012008494973079,3.2495726204661834
Good,156.20352278548427,133.31101037159746,1.56263334903338,19.74129489488945
Good,128.91063003836135,126.48228174409994,15.524754832710762,10.3881204337664
Good,133.88869015435645,153.85349757537884,13.438121981103468,15.695750141141035
Good,134.65643611843853,150.45306792087433,13.741343106482468,6.959451880293458
Good,134.27689023016882,148.82111083561793,14.545321923773782,13.722486761594602
Good,120.39147820580294,161.5961262031739,14.621161225697051,11.273184331493272
Good,130.5238250452137,177.07554365869464,15.432466527571059,22.182319777223384
Good,122.14971852572239,152.15876499018339,19.017039296468123,10.964252853894633
Good,135.7527471681093,170.4456198743976,11.421760384301487,8.89443915031685
Good,120.7258524237441,158.06467540286516,6.227734767248797,28.52499375553427
Bad,21.43217823142225,74.91873451607034,50.05319428357057,53.78378409952072
Bad,25.38630878274011,31.468527098694437,46.19003943719522,15.496204134685877
Bad,97.18175838319542,121.75536869377584,10.05571997583832,3.351060580874161
Bad,103.46660283128432,149.13049474219352,1.3801385232908623,22.459259736964643
Bad,104.16909364109026,135.08777924009152,3.023516673450292,17.747707719010638
Bad,106.12020364236275,128.495183058556,5.236562917743162,18.350507262965326
Bad,105.46698884102037,135.35646553794743,9.843336760596532,16.354356819250118
Bad,99.49984817344512,126.35673713105018,6.207833425452192,15.171379890891686
Bad,100.87808058124534,117.39568056675662,2.2653241154267394,5.222537271327764
Bad,102.71738322912796,94.9218752193558,6.407017683723554,12.845454842327424
Bad,113.25440985745357,110.26644022165237,17.916532307103157,15.987547794365629
Bad,108.50581562054299,113.77454301303374,14.189584319550258,15.193881309221249
Bad,110.50514458432758,116.74874923189208,15.431986747888564,11.370342899368751
Bad,118.01329437340706,116.50525001741082,22.563373571579504,10.991373666742513
Bad,105.66907070978533,112.34223125948262,9.518877772528189,7.706311290522726
Bad,116.02871595216877,116.44312172734612,16.950641759619145,11.652217666570614
Bad,114.95515252267853,116.76130468846324,21.389751771264613,12.188641389908742
Bad,99.35580877530435,113.15616253572063,2.543823638156539,13.340833158532556
Bad,109.37610956457644,114.95998140996738,15.052619504064298,12.25004456301232
Bad,122.83064719791884,121.66086326204774,28.203992321984025,18.983850986816208
Bad,134.95095990693193,122.10796333837328,37.194887086970695,16.123861392718137
Bad,124.13314047646162,130.40467916928034,26.61162753167691,24.825840759456405
Bad,125.01064577252828,133.20292009060478,25.89957707305487,26.80872679173662
Bad,141.0981608751537,138.5537702943568,39.01280706043905,31.26378529720009
Bad,149.63055517602487,148.35088666688483,45.375372109643386,34.50849098667425
Bad,161.3559594042729,156.44489779967876,53.48625579361386,29.463043802649917
Bad,161.11084029003968,159.58888121577627,54.12216665439578,37.07690857148608
Bad,159.2665877723615,157.64447602470148,54.218150978038324,37.77582846982392
Bad,158.16720746513477,168.67107331565842,54.229070910042324,42.74512232401455
Bad,157.46608871315564,171.37676219968168,53.12641445143195,43.79398450510375
Bad,162.97472896176617,165.2861543460234,57.27638884598925,46.71724987157346
Bad,162.74173577992772,172.94506903264332,60.98946353886426,54.86251370596076
Bad,157.9531706349754,176.621114388848,57.69561743736661,49.78786138034394
Bad,163.45117926776138,169.62979612142374,56.10283137495861,45.564436636139774
Bad,160.92085677581747,167.37793172665465,59.928587477460546,49.346698575886705
Bad,159.11393211545675,160.0267759052204,57.32650699544676,41.17534047367872
Bad,160.27086501959766,156.3202216629768,57.762925478890466,40.53285834971434
Bad,160.52549844794328,164.85743686365052,54.9960739821388,43.916375102877545
Bad,163.83679417249022,161.7759746864818,54.55805421267978,39.903802064335885
Bad,165.59757617168464,160.701004577019,55.87129616126577,42.487262044656795
Bad,164.19209020154787,163.47052656264754,54.30683822473155,47.58599903277958
Bad,160.64754441246933,161.93862679401806,55.86954345812195,48.55973345486463
Bad,160.4564236928816,164.96760805929156,59.412095134377786,49.94795412281035
Bad,160.76780096908925,162.75547827238645,57.410695020133225,53.211631364727
Bad,158.64208974941855,161.25795970160732,57.63340714947591,52.458189690623165
Bad,157.9483131646283,165.97952764106017,62.94080362611296,57.49312978851428
Bad,156.35926005430045,156.41239241782006,61.54623205997379,55.41410493116824
Bad,142.1784987654606,133.767873628998,48.52657854865523,48.902321695128904
Bad,140.15325225472643,127.89325721541219,48.852330537991605,48.14416117698563
Bad,132.8484609313061,117.09349136823508,49.26328568939667,44.53504964154327
Bad,115.94733573831573,98.50073117647317,63.55109194162055,56.21122501841182
Bad,89.13989423473416,82.37130108545219,68.39222225678884,70.09947891828995
Bad,73.27114824550209,60.288740291796216,73.02041137777071,70.6658324601939
Bad,67.14823162770047,34.04092380838826,66.60549592566073,65.30386674599646
Bad,63.27447026009491,44.58652397394648,65.32730341806638,61.02098794579722
Bad,63.961186864753344,45.151860343166874,67.04713409622772,62.12992858498149
Bad,73.12696535489638,47.653788109075705,67.33076613131074,58.699418772323696
Bad,87.25471363022902,67.93111805619992,67.48100653078319,61.300198913893716
Bad,88.32347265322365,58.52074163508822,64.98514501898109,61.66434688051733
Bad,121.07064737113367,67.80252137164676,60.70882482060564,57.65290214577665
Bad,130.37528274285376,103.4138693544896,63.21064317178987,55.76278357542963
Bad,127.28200124221071,106.72944728645976,55.43145587731995,44.42739671365474
Bad,131.75649258960448,116.00613662708004,55.513749823844535,44.89045376252467
Bad,126.77688946426187,116.90661565498608,49.51230169012645,49.39976809414058
Bad,143.15199263919408,139.38379950072797,62.132901642176655,61.10480333886955
Bad,151.7981474181658,156.17891464190774,67.4961437060794,64.5905239790615
Bad,156.876321971964,165.9727780687689,68.5156383982869,62.167214679915105
Bad,156.96230862764637,158.49753341741967,64.29485033762695,54.494049721841144
Bad,157.96054595219604,168.18667388729023,65.86282989468792,63.08071281664508
Bad,161.6886250284764,148.35670777119057,59.99904937119594,40.96809242576904
Bad,153.66041560193867,159.36771533879286,59.54006698986016,47.26772274563377
Bad,155.48188222444963,159.53520818010426,61.652280031015906,45.782721478586616
Bad,156.65882679257913,161.32888515929167,58.56997598310581,48.092278398039504
Bad,164.87965140951383,154.76577010805195,57.247122909967466,31.44911439510953
Bad,166.7126820037412,158.10630031229343,55.06061871422062,38.785610973141
Bad,157.37672412603584,156.08794530193,51.264855731291405,34.915285408842784
Bad,160.54285244429067,159.61066291735483,50.97579800257782,38.55858416559162
Bad,157.91859913785294,156.0783361122524,57.07270656975493,37.93709349304541
Bad,157.41702839675133,153.54517917579096,55.23224077123696,38.81243388416809
Bad,161.54813238673074,159.1510605272278,60.65723819902383,46.66789506028055
Bad,152.20884695244803,155.61345971237566,58.289559239670176,44.78782544090856
Bad,160.45827359362713,162.6119292975921,61.29429909546387,53.712594497339005
Bad,159.54043501763334,160.07424424021588,66.40108244180088,55.24791834551843
Bad,159.8640187485883,158.61607329044912,67.68383520673777,56.42157148151116
Bad,151.8731302536924,149.76454770533215,65.59290828178929,49.55374559561348
Bad,139.37742350704647,131.20942728970974,53.58374833210413,51.9948107321195
Bad,136.01164645064733,130.11721552996522,54.53335271915008,57.16897311988455
Bad,123.88673435706728,107.74421168584487,44.68687420595056,43.76990116964232
Bad,111.45741195322847,93.93095390790582,38.77197238715403,44.75333601785138
Bad,100.22215470488405,91.94978001736963,71.6839100931048,70.78133391047263
Bad,67.90507074656176,47.628149278419386,77.63161784779629,78.94468015988869
Bad,56.094150806471546,44.444949973956156,78.05314871248572,77.34685428713725
Bad,51.769340333727335,39.753904471322386,78.16683737234155,78.276187884946
Bad,60.33072902354329,41.41708186500932,80.05836450096137,60.137761484853804
Bad,50.222965258116,9.523083272942998,73.62042045505643,47.59652865680894
Bad,67.16616036238754,2.793831645847639,73.24533012054509,45.50499915038005
Bad,52.71006910557604,26.314344275551573,71.19576253172852,59.67964422973066
Bad,65.01831572118454,35.337034827819856,71.39585564543596,71.23137465330089
Bad,76.88678865468118,35.73418015233608,73.90895568407228,58.79329470787221
Bad,93.29689738571052,43.56648032353894,75.74730345214527,64.69124049106763
Bad,121.43184854881483,73.5359394096958,60.24639986347125,53.587330729561906
Bad,117.15632666197115,90.63896057904554,44.689294484547744,44.48621939015725
Bad,126.1782448082924,97.59321544239894,56.41757104363492,47.69988429937809
Bad,138.2160388534662,105.48103210279855,58.828603380545175,54.80181777193412
Bad,149.82145372691969,133.77045415009079,69.22274686373137,70.15386403553399
Bad,148.76875554166952,141.35490443609817,67.11859510534931,66.55115665733588
Bad,153.69525947364497,158.43332647988106,66.74026375432713,61.703934139301026
Bad,154.255914844028,153.1220640234175,66.59411962514272,58.257595827996454
Bad,154.91808350635924,158.6033854133088,63.719944718043195,55.27364499581965
Bad,160.7240299582206,152.37568379233727,60.93026542409752,47.95898040059673
Bad,156.5853573979432,164.28140354962827,61.01892253607249,50.50946110923875
Bad,163.1427513508793,157.19078878681557,56.2283898778692,39.61113470243484
Bad,159.50201003830543,161.26020471346843,56.40701642693106,40.122750548599534
Bad,157.03649151181614,158.34967319577723,50.00963083997851,35.96038479979649
Bad,156.12106589984012,147.55248548962555,48.80801835007256,27.684031551342038
Bad,161.99260949707855,155.2148670111222,51.130176308102484,33.08358972700831
Bad,161.70632772828498,157.45504944424187,49.44597966877184,35.40899364619729
Bad,163.46656972843553,161.41738675217198,50.61913196528516,34.37752602063699
Bad,158.4780141182935,162.5453227567712,50.811945951792545,36.113047718165234
Bad,158.20411224018105,161.39945149131563,56.20125981994368,41.90328923539154
Bad,159.02331749625148,164.8440072276083,57.680937039745515,47.767475154834685
Bad,161.53809308837896,170.3096677910165,61.925895628476006,50.84745699082819
Bad,159.88557387553186,162.55895793288408,64.20342919723214,54.14666640529236
Bad,156.56567875150031,156.2393305515578,64.06442661647952,52.26658865326667
Bad,154.99965097974967,168.32536244013014,65.69640138221486,59.43515698661028
Bad,155.1515523606067,158.22113109816814,68.21700732246416,53.226184248423515
Bad,152.51502169635896,147.7938865284499,65.56644676393626,62.48832887484878
Bad,152.10888390168952,134.78777778957183,65.88215270385429,59.10870461904473
Bad,146.29862771929263,123.46065878457544,61.365758947227256,58.89433719906112
Bad,145.9863307531111,121.09906431406722,54.93526434444461,50.42561561381071
Bad,123.17302337599764,111.4542736378758,63.750590366907126,54.63384022569315
Bad,100.57852993507268,102.44778701308755,66.95387880150074,67.79018626906316
Bad,87.90058483271554,81.7797267466845,68.3118894852471,67.26126437884083
Bad,78.83607252726546,72.03478859547624,68.70271048648718,68.25225874770945
Bad,77.44390712502205,71.61219140597738,67.24687409904725,64.40673685517083
Bad,74.9202188788496,68.56841023902031,66.14101582780617,62.171406601204616
Bad,71.26604300272648,58.240417411688505,65.41620394247991,63.85496183707558
Bad,82.9726062929819,60.20030637838264,65.59597217076075,62.65661665160715
Bad,90.64205448062505,62.236086558356135,66.2523839680621,60.792536330930716
Bad,88.11419219542368,80.74429214121545,67.2757120278535,61.57872146093961
Bad,105.30069167062813,73.32555224269115,69.13375235971216,62.81746815925952
Bad,116.24965979151173,74.16067846596711,69.41288066101845,60.758898342276105
Bad,125.1636816850788,100.3893980542024,69.08641996876473,55.17768330172153
Bad,125.928308356817,91.67924992963614,60.34865158246847,50.730128799740704
Bad,136.16607074726755,118.15964708036454,55.69711063622975,53.856449598440165
Bad,148.49673948356613,129.7583791138613,68.60377580526115,65.35568663504183
Bad,146.17967435861684,134.0704754651587,69.66023884415901,67.88018576881053
Bad,150.03607386647622,137.1505496509732,71.64378515601963,58.10956924179154
Bad,152.85803413104378,148.26212957798234,74.26290991532645,57.176842609999994
Bad,151.05689930469697,145.2864051526386,71.2835321933484,56.25818593792829
Bad,152.54485875801913,155.5514002015788,75.2397135804446,62.38852049400866
Bad,153.32173280015823,153.72027692501177,70.9967258479707,55.39010295858948
Bad,152.61235865583004,149.00606886581733,60.94668052570993,53.773798743774464
Bad,156.75262025990537,154.4498678282821,70.18245389661878,54.97240875446518
Bad,163.29797462567038,152.98674377818398,62.26279673420117,40.82395280971562
Bad,152.5534898279153,147.9708695524666,63.82501745240416,40.41006148834847
Bad,155.12291701760665,149.23576955942218,65.06044865466882,41.987280452622585
Bad,153.9774950512517,150.86996728001952,64.57997826120233,43.610040465245184
Bad,154.3151710547648,152.9270098448168,61.8666674022495,46.73427919745277
Bad,153.98207539590305,148.74574095933588,61.417481218990424,41.502201178698385
Bad,152.25925191262888,147.1899700021308,59.71019791679465,45.82850965981847
Bad,152.03993676601203,153.1175298291829,58.01345281763839,41.75726701170039
Bad,147.1870587747108,149.01656890260804,59.46352154185595,48.2769546444295
Bad,145.40665641868327,148.2204211809171,57.597349337942504,47.76734736085946
Bad,155.3221436386413,154.85503458277668,66.55293132054162,58.475031635864184
Bad,152.51195055482808,154.12115628625693,63.440381777281715,57.13776107895454
Bad,154.17392309918833,153.43492883558656,67.79488278532499,59.322247714603854
Bad,154.47888825893492,157.66843145019604,68.42980675233063,57.33148906006347
Bad,153.04357558182377,151.15328104790913,72.85682606555167,54.75747051066607
Bad,158.41756450614074,157.56633539604667,73.59389093392109,58.94082006383833
Bad,157.76300505142086,149.18623470416725,73.02227693676483,57.75186871460481
Bad,156.90917211574563,156.12558196417285,76.16928537422942,61.243803415957444
Bad,152.82352503598747,145.4734532128101,73.66481354332652,53.226379666632944
Bad,150.39952824874857,132.43844083275786,71.2981056445151,47.87708088412676
Bad,152.84845378947364,133.70230710977145,69.45383014483998,53.02203550312392
Bad,129.922268954142,121.14490760457768,48.87730210101727,52.33054961038912
Bad,134.65696356388833,128.33330237543902,51.73793684908061,55.59291987827187
Bad,126.75541999072637,107.07395969363269,47.44014878229395,47.65037642696113
Bad,123.11903998573554,105.035328588444,72.98385514003608,74.32125601778118
Bad,107.8012945218646,94.32543484381779,73.19278628980209,77.06676267156821
Bad,82.749377941971,74.25731404897601,71.07574746108943,70.44950914427251
Bad,68.43259411537491,56.88158777942569,72.65044686325953,62.383114452798154
Bad,62.2556734238136,55.2496680547942,69.14708192505195,67.61374144220336
Bad,63.559881488225784,40.5317656509042,68.60404157902927,71.25096179240913
Bad,62.28438895088683,49.50086874071178,68.63251879349794,68.91828702119614
Bad,65.18618447369111,50.58717416598705,68.44651139132593,68.2047640895224
Bad,69.90015760634905,50.697673462242825,67.27595419367591,70.12920603025438
Bad,75.45507334907492,37.6302594109937,69.17435788634612,62.83590864886087
Bad,96.14708415366495,30.630713988430834,69.92402842157946,55.28670814057358
Bad,106.8890267932801,63.778329381387486,76.32521464550443,61.76012854972363
Bad,119.903328161572,93.06779355516757,65.61543784654889,62.65932307074891
Bad,125.23831619708189,108.95204817763445,63.57804851539192,54.4613396211841
Bad,130.39023929550885,102.9490560023117,56.6855397743448,52.97737536656008
Bad,135.24626974651164,120.44084151884702,57.90922100942062,56.38638724402669
Bad,143.8548655806675,129.37491407251142,62.10956957896078,54.317943240843434
Bad,148.21107559561386,132.72201004956295,70.02856083530561,57.697087632876325
Bad,150.11145183688222,131.46258866943413,70.0211724676782,50.987278938153835
Bad,152.88633981349142,141.13444054150608,68.58665891003878,53.836149541953304
Bad,152.93173559263278,144.05157870121775,69.11071746500679,56.26934588840409
Bad,152.6939656861751,147.64623329013355,68.02147175941694,58.273107385390695
Bad,157.08096058049134,152.75768306110555,70.7134635807149,58.66954386246122
Bad,152.790282052084,157.06887642432665,71.99817029182867,61.88330481417862
Bad,150.03021914523003,153.66453271085436,67.49921978173579,53.41659892821077
Bad,157.96714816063727,161.0727825063362,64.08373908049242,54.559430640396926
Bad,155.55397016339822,169.8069724283111,64.67275561406012,56.113973279366135
Bad,148.20096632335319,154.5363514528231,60.820561875190606,42.97268687309745
Bad,153.61062247920617,149.1297676064612,55.93230195776164,33.49537402746139
Bad,152.52335528781276,149.35867962186524,57.225936004738735,44.43768970105277
Bad,149.91472195979188,150.29925615160144,58.38972249709666,43.05502160750293
Bad,149.43047112723468,146.43917749665397,59.61759298944097,42.526912008491564
Bad,153.05628501828696,153.96433864434107,64.11951049774088,47.352867997655196
Bad,159.18003939930355,156.82150198137273,69.26164032395567,51.48431132991425
Bad,157.8194683280683,156.15821423486162,69.62483109072868,52.66527375560746
Bad,157.29055454743101,156.28383028558133,74.26862329096696,58.07484983595837
Bad,150.52505587009202,143.79797318109675,70.46068963436063,48.3126729247505
Bad,152.6619257872808,146.8615897303413,73.16467989081272,48.8320639892897
Bad,146.07478657102112,141.26305716888882,65.66720524302112,47.23976548148339
Bad,148.70035953852127,136.826663899114,69.94821236223072,49.55855555887907
Bad,151.2621169759407,128.40414940689317,71.67550841019779,46.36851664414576
Bad,150.9103569838519,115.62992485730298,73.02668241753166,52.712471562874605
Bad,139.572282853803,115.21648113957121,64.54046034380733,56.04221210904312
Bad,135.38063537611873,96.7730889480824,65.77639112682913,49.346539919082964
Bad,128.21599196055232,100.63714446976307,66.27695257088118,68.14900340290049
Bad,105.17868105110561,79.37653973240194,80.63015852209568,76.31175795010546
Bad,70.22872343160871,57.20937170394285,80.098655811512,78.34222908972788
Bad,59.39344457539175,28.43506212639996,80.05281086112694,75.00119224488684
Bad,51.949163923793016,44.1471365224147,76.51554578122027,79.30811578952648
Bad,48.75209522575523,39.63248110307551,73.56401753556811,79.70049064284632
Bad,47.76315132766251,44.58735056785592,75.16302255783803,77.62023780952865
Bad,49.87497711735036,46.6792385003338,76.15709137897554,76.27886486400845
Bad,60.95102441042424,43.90987057871345,77.31484481663702,75.7188324680859
Bad,70.83693662303558,16.13219400648827,75.94571247210779,65.25680128154063
Bad,86.88128520537795,44.72555420705333,75.05248140382555,64.25587664563636
Bad,108.97245882730768,72.01989412096319,68.8376184815982,51.3743250357668
Bad,117.19773479174765,97.56897728076518,66.43400961473573,56.046010291015975
Bad,112.05867608965391,89.09479425519288,49.08224806707796,45.04146999759488
Bad,137.48592968346728,116.60444030488766,70.06048330426873,60.16762294552271
Bad,139.23477694040125,126.6489924470567,65.56250683780914,58.850712653895066
Bad,151.47900566096254,119.83645462665243,75.59034667245422,61.861771953086595
Bad,150.1364842312803,155.78236708599897,74.54173333675688,74.96038651645445
Bad,149.52337623114727,139.3432426419986,72.17689801680211,56.15915915563127
Bad,150.04716032841205,137.01688486103117,67.54576722305292,50.94845825501878
Bad,154.78369390334052,147.29629784684045,76.91463390327074,59.195290884108005
Bad,155.5833608606382,140.21362282765867,69.42260283361239,50.623494217554516
Bad,150.8122401886352,153.40847156702353,66.71819964744216,60.885168176425324
Bad,156.85173062547668,151.62629439064645,64.4865206254826,53.61672732757861
Bad,146.1057366166842,151.1340572531099,57.066244556619175,51.83363583374004
Bad,146.7702186206555,154.1728892813696,58.548664311639556,49.94949655088618
Bad,149.9563871457333,153.4519926997672,56.484635411784055,47.62430007693499
Bad,151.4908303332669,145.74812316813848,52.08612998326016,44.53370134948319
Bad,155.88825906484257,154.08037033862917,53.63127455259332,43.198226354765005
Bad,153.08535533630265,148.39713979728552,47.91862827813445,37.3387506764573
Bad,151.52806364321424,143.7927510277994,47.47026888729905,42.99631859843742
Bad,156.98063616800687,147.35251257064516,50.04784045752174,37.968215204592674
Bad,142.87771387052987,142.52314679724486,39.81142904008039,32.76719471925372
Bad,150.86092578209713,138.48443599874528,47.97676039433954,29.09539421720525
Bad,141.77993295953695,142.88363909398714,34.191219221990714,19.99997713982114
Bad,149.31327633296846,137.5159166540387,42.77937141768674,22.000609660914282
Bad,143.5229082315931,137.0926636992404,35.291651586821324,24.145483699777245
Bad,145.11654849571084,145.15609582078895,40.453800140079146,36.0105216822162
Bad,146.1505511859974,147.16798743160834,42.10584355457088,38.75515439044822
Bad,147.33069583726316,140.00804312617407,39.771212039725945,33.29105609152857
Bad,151.23681233694793,132.67487523517767,37.478778176350346,27.434762755222973
Bad,147.89851896599046,140.83657920720626,35.17746306391557,36.53059968055305
Bad,144.46261377801036,125.61163074976832,31.73211816961251,32.60270400247781
Bad,136.34189655313241,103.01731547858638,22.952996812362226,49.671871419516926
Bad,158.000629757088,89.12796604994817,33.361774270074186,46.204779453070365
Bad,127.27375807896314,80.37287294640775,14.413203962553249,46.30069930991407
Bad,135.7052576985207,46.630625432081935,18.241048042542673,50.929257083838316
Bad,131.19739393577802,22.6595956489192,5.530240501937425,45.47695562529958
Bad,124.44934013302677,17.036148756104982,3.5730583415129233,47.56007895774214
Bad,137.75738812064856,13.849974487062374,13.988171797955918,53.265061827031516
Bad,136.550262776886,8.373958518600665,11.408599666486083,53.07703329032922
Bad,142.6929664938213,3.502538571727899,19.778214314953413,51.525695186136
Bad,149.8411751406569,5.19203911326635,21.30117049207128,50.16411715646261
Bad,141.8210212952418,10.442184567517378,16.287553144497302,51.76682765031186
Bad,142.18129911629092,8.17021569946813,16.91601416263801,41.58912690842769
Bad,104.91034925711386,20.78452807988311,2.529848156206892,40.43972083983028
Bad,152.5118129632604,44.90286004706778,37.786510026272914,36.81536958675796
Bad,136.35689857106183,69.91700445678313,35.134771075502755,40.36245051864141
Bad,139.76694556044646,120.56571893552268,39.7374488755371,32.778095745991884
Bad,137.79831795951128,133.2980113574148,37.91742070134077,32.25716626730457
Bad,142.75730532866768,123.82481267171755,42.902427983757896,26.978028452845205
Bad,148.07559219292787,117.92794761148207,51.05647153204415,30.862237440880136
Bad,138.61484391798237,123.4837476449791,45.533688672246534,33.069426860753616
Bad,142.52105988582758,133.0025337705589,43.699415303314304,30.737927009992113
Bad,142.83225008644854,132.2583015641484,45.17308201150892,30.28938208808733
Bad,145.9865455507306,137.84745576518318,46.248868824205324,28.888720056738283
Bad,145.95032752660862,136.65170364817752,45.18999786370751,31.67656971738061
Bad,147.2218001351187,137.62404603754456,46.523223676324506,25.725327011119013
Bad,141.89678980979275,132.6980979708393,41.62025444900125,25.040960972734673
Bad,136.36221501777842,127.74357033723072,33.65173665036982,18.847022347630393
Bad,139.9419575587085,131.09691080472794,39.06948232569376,19.066863270470513
Bad,152.59382976275091,144.16924736938034,48.77073985539478,32.421387215295326
Bad,163.3235211661095,153.63179234425286,54.15670104865406,36.54862262016689
Bad,151.07920746213534,145.96642960776086,43.53458428904922,24.4875426521475
Bad,154.18772025904127,155.4501105168053,47.8169427592284,26.295631344333078
Bad,161.35274594296177,160.47209589077744,53.90835002531459,18.932127394247136
Bad,158.94318100266884,156.54384520478746,56.29821659987352,34.636935857689835
Bad,163.1459742528089,160.60321868744697,61.13052786558294,46.18219031633457
Bad,161.44224206572812,161.78036692430845,62.03302592643961,47.05439343760661
Bad,168.250333789534,169.8796386288236,68.76084521690986,56.524139273623895
Bad,164.73880153117722,157.2194452554345,68.13509596617907,53.83181337325611
Bad,156.1495386010534,161.99930609668638,60.317774568722776,63.94090681141953
Bad,160.94516677436604,158.91617500324398,65.62042874028973,64.0487326757802
Bad,162.39556311322215,160.94968689692877,66.78785614321757,64.05207569723723
Bad,161.45211221498778,153.9286160392232,68.65583789780102,67.96116784848547
Bad,161.64055326524215,144.9417005229554,68.49944552283438,68.04639891506686
Bad,155.49259773378552,143.5196348375468,69.3696092957707,74.66780383800574
Bad,148.87105968952764,139.03888196320923,66.04967796244789,71.64763518757016
Bad,140.77199490720523,128.77072844521422,67.54348400063877,73.04637311229675
Bad,129.54258020006336,105.92853677375633,61.70309816939248,64.99280802861634
Bad,123.49927893619846,103.77457815447477,60.65994759589735,60.52050276264125
Bad,119.46979898145217,94.2920417936608,62.843822647965624,63.5894015818515
Bad,113.49072517931899,88.08828299287777,62.59201287137392,63.38795250405278
Bad,110.70232810046127,81.0017412470785,62.05056410269375,64.97786833178016
Bad,106.62908826243357,77.03709843677038,62.2685390398372,64.5335400707069
Bad,106.68861863405023,77.4399619591192,61.63796221423314,67.69273734225732
Bad,115.7272771183477,89.20315539125957,66.16029850511659,70.3390162003575
Bad,121.90188322242476,94.5997629547383,66.73053379258147,64.83085472455014
Bad,137.28590382056757,81.59312512100063,64.64724804837805,65.1218730653605
Bad,146.2858721850946,85.8255808491764,74.31931221577435,72.3328489539098
Bad,142.72769630995515,91.9413362117053,66.59203381065466,70.9687519568169
Bad,139.08395820624705,111.62719755887852,58.408712828335936,65.22841099508626
Bad,136.356971877237,115.81110908601849,54.43123314302142,65.6514162646807
Bad,142.11534606343818,118.59252670037363,60.52863310024666,60.1298429797155
Bad,148.93619721389163,128.33121106312407,67.89036265498632,55.40449976458785
Bad,149.59623021554194,150.95578396375342,63.30441621874074,73.49475681353962
Bad,157.29950496085527,153.02430396107374,71.99207387156703,61.42142965939104
Bad,150.24576495889545,136.13002283518014,65.05841355121838,54.70690209018723
Bad,156.5788801977249,144.71203172845938,65.89436574939289,53.690167746742375
Bad,153.8405118616462,152.4751579537868,61.07182750460126,53.72704972330457
Bad,152.4980305958399,152.72803251026488,53.1219947501297,46.85520124116029
Bad,153.6337184781238,157.43495857567612,57.205867317289055,47.3393652775923
Bad,153.97253024980867,151.79765487915046,51.72185230270056,39.74049475196314
Bad,145.62842851037635,141.45113777876026,40.76042607263808,21.673746706404355
Bad,135.5462352450647,132.259383019305,25.075955068310225,9.504468911042997
Bad,150.3892120526073,133.42188619042267,26.72952121235531,10.957655693641758
Bad,129.08485679596652,124.74377744680271,14.229461186075195,12.139468376788091
Bad,140.9026463956393,139.57480150124687,30.15747931392187,25.286612778830815
Bad,137.72811630155476,145.13389411533768,33.69635130386324,29.669375495680498
Bad,138.26834219295108,143.51303333870345,38.92520019118595,26.444272409319467
Bad,144.371067323599,153.1046280273791,45.49929652451435,36.90855445292191
Bad,141.16860277436263,151.77827935608315,39.943785745698186,29.87485821297405
Bad,145.49041664631253,150.7051794315865,44.16773014205695,24.37986144416003
Bad,149.93657006622226,141.2462135984059,52.926927538406616,14.91650086509079
Bad,140.84857317625048,140.9225960541601,47.409880142182,26.15624225984506
Bad,145.50491122333017,145.14220453444773,54.60714811556997,35.992737631255686
Bad,155.5756539015128,158.60952384666476,65.28521166920022,50.80669331038085
Bad,158.78714449374343,150.29899645025634,73.88469154174452,49.635707695590185
Bad,159.3186264549635,160.70958428805258,77.14051347775019,59.41871688364077
Bad,165.10565245354584,163.42809224431252,81.56468930144855,61.073421988032045
Bad,158.21686052297724,131.0347056331596,78.89521526609504,55.70385590570205
Bad,161.4647873601191,133.2592721046195,88.17000031312142,65.2674160323139
Bad,157.38179166117735,125.72101929734737,88.06713140405708,64.49228047307498
Bad,148.58107589315043,121.20062659533978,85.93180905273056,74.8961627673506
Bad,143.44311239657313,108.62421216401881,79.0442991025356,71.58956293016463
Bad,108.43909534927162,83.43743208406404,84.73511754453182,76.03228499747563
Bad,77.60217846042215,40.59994753101008,86.60026765876307,77.31533233974658
Bad,56.05638499987136,63.04901617656788,81.96927606834282,84.66643398671016
Bad,54.771467699389774,41.584311567540624,80.7064250553671,74.78771287657365
Bad,54.185976284674545,42.98173334725715,78.9299846134395,82.80328078439487
Bad,58.88638613265194,38.7267100305361,76.17312955448165,83.10754997085394
Bad,43.27019942074408,42.11753000287185,73.70093459944987,76.55063636170684
Bad,41.50142698306862,44.769970562194075,74.42449649087789,73.5808809918745
Bad,49.56507079976851,39.14790452099081,72.64745929434926,76.59973285659925
Bad,55.282283956066024,40.38991292184377,76.25045130430246,82.81209504615634
Bad,56.76976019750479,53.583880349784074,79.07926652124614,83.19599441817383
Bad,65.91418076475902,38.51605451863437,77.57342435197353,77.61308152791926
Bad,81.52359779274713,74.0861953257027,78.83369923976679,77.24529264353377
Bad,94.4722362460334,71.4408273939984,80.87602578576066,81.51980572832566
Bad,118.96624477812232,95.33734901687689,80.19086745791087,85.08932182027444
Bad,131.9760883208147,96.48955709859491,70.81211922977948,68.8916063899672
Bad,131.86324589399015,86.76448898013288,61.073137794716324,49.0811204852591
Bad,137.57272735753995,124.58320046053976,71.72031367334965,71.21678482375266
Bad,145.82879507028613,133.5357196785337,73.07723420078942,79.04932302612937
Bad,154.13613994643623,123.44641232720386,80.72120780997352,81.04368155951884
Bad,147.1680750906591,127.97415401329178,68.49704312003686,65.37614723232942
Bad,154.39637914130105,135.27494138122074,75.87227620589812,71.46956155123783
Bad,155.0440836272178,138.41129748315225,72.70457496181572,50.13107988125948
Bad,156.96076911733837,156.49327074136804,73.44526321431363,59.26594582574659
Bad,153.2819207396793,157.27112737533494,69.59957521143303,61.30151891928995
Bad,151.9774807016987,145.76984875425708,65.26550783367452,53.12575849411154
Bad,152.2845456627839,161.08104779796014,68.22025261768133,56.95990022565507
Bad,148.0491040037369,156.12623512480195,58.16888997282179,56.222231374785906
Bad,151.31455362176192,155.77181295695698,61.68897533228631,61.824906571459934
Bad,154.64126959669835,155.91962275138127,64.53611421586788,60.287273736882995
Bad,153.30032695836823,147.88619680264128,71.0915458457311,59.876416075573964
Bad,149.8341858298294,150.09079959894424,63.986850033295156,57.02422275431765
Bad,148.5153744431909,143.03962278723563,67.86526977195722,54.70157067524224
Bad,138.9055133499727,128.56660916289206,52.5033117589261,53.19146066420603
Bad,154.52764848055426,119.42044093473733,70.23359537238416,55.09943838181909
Bad,152.74024344059154,123.12826321884899,71.62171627761752,62.58956389636522
Bad,152.02232650426944,120.43642127353718,80.85910317684522,68.21692547334068
Bad,139.53369374158837,102.95963400093832,72.33626107894236,59.705397013291126
Bad,137.66597899748695,102.18587569325321,76.21662413850207,76.24976199500733
Bad,112.05353205143301,85.55185765752702,83.43862608728334,68.9571248622951
Bad,88.71442518281225,62.876039911707544,84.72913816618677,78.5144580695316
Bad,67.48204392884755,45.31446275571857,83.04878297242351,79.75166079220966
Bad,65.40665926799477,43.89125737320579,84.83630660552461,64.89631689992545
Bad,45.43945089107359,37.707497941273004,86.10190016726364,63.27368881411432
Bad,41.68656887376806,33.214623020185144,89.81362908633344,64.54119463338077
Bad,46.54289926249933,11.612156911270107,102.20424830833514,79.58223889926064
Bad,80.60473444498443,55.151991476062705,95.53471203468217,110.63722152067069
Bad,81.90921310431821,21.99287227526934,83.4967129400452,67.4195818080405
Bad,54.94437527307448,21.98356403316306,90.40454857931019,82.15957009232213
Bad,52.42342112908732,17.866908363037357,82.39722785525908,59.83434999450139
Bad,49.75792538551268,33.48152617574626,81.14165331042562,62.216880304883524
Bad,49.89742823793658,34.495194140688696,77.81917422393536,71.60653183834673
Bad,63.96950963577437,47.08610759676659,82.96849268110174,83.71587839075738
Bad,75.5909259492527,58.28780396566567,79.84740360112141,84.8802187523329
Bad,91.91424335039139,60.0293638802998,81.3604044378045,69.83883899108277
Bad,116.58705965806445,106.25286407406203,78.06640489495291,75.14866515038125
Bad,132.24807893211246,104.93205492713815,74.91651587258681,70.92725169365413
Bad,126.76270443364271,110.95693452004728,69.16276458148504,49.840525829241734
Bad,131.63614445145404,118.08368032636352,62.90959794129791,56.57722171022921
Bad,142.07178658534593,121.11743363558602,71.67869450358255,81.24096095879612
Bad,131.39615237976147,120.69594679444445,56.34867457904356,60.66293046344621
Bad,141.5038056839468,114.79001642108331,58.87575872958207,61.35756655679511
Bad,145.08543965582047,149.03768687453748,64.63455964541471,59.1210198332715
Bad,150.95867186068457,141.08439196200305,66.05689727698653,45.57908184100643
Bad,145.58848198605614,152.68251617246656,61.33988220525175,40.976690285195204
Bad,143.18141397947525,139.40047192785008,59.08423257184975,34.45727788082708
Bad,137.59988450773645,160.993273606491,49.34737920609735,56.890374970839666
Bad,138.8421887205324,139.14545698470167,38.679950181200844,24.624373697346204
Bad,135.05066921963015,135.04497618446646,43.27698695694004,31.55519334481464
Bad,131.77674245315714,121.14084547074697,40.438865983474905,26.510825506471715
Bad,117.03617783732318,128.57528824026502,20.59624817900745,25.864629509804306
Bad,121.3164617218984,130.5744140659382,17.798269635853806,21.878176884430275
Bad,129.75826606296502,143.91853794213748,21.863004144818934,28.88710312171234
Bad,136.63266912699237,143.44954915261042,26.206083649193417,33.460231165547924
Bad,119.73110913284606,145.9919862552654,4.235522031803378,40.45985527125342
Bad,127.41602030680471,151.19168462441553,0.720268978197604,40.162157499415024
Bad,117.30185721108623,142.2769889492261,13.19967115263626,34.43744379066923
Bad,113.38782338692403,138.33853855169778,18.64282893839917,33.74126977722022
Bad,115.43842205436954,142.92626832594306,22.86763382354767,33.35757234725314
Bad,118.92549642794631,142.70312790179423,22.744595390110565,31.422689692164816
Bad,118.1335205471716,145.39724801401573,22.329727116741825,32.13016402268842
Bad,102.81643304019434,149.1336695251214,36.64280206489859,32.006508846972146
Bad,98.95172862967706,164.4552674153511,32.70050770004934,31.408783697383498
Bad,108.4620772619268,168.98069799706616,24.77408960696269,34.97163158756771
Bad,107.76625126633985,167.35741051124077,27.71341379379358,29.46550976465285
Bad,115.81250064383613,170.03732278414748,15.79178777764094,35.794503981370895
Bad,106.6354239482844,172.2743414347601,23.33026267594128,37.12274204068985
Bad,126.13203721681535,169.86570692116177,8.450083682595844,41.74549739986607
Bad,113.5077594225474,173.9326716301011,14.149942689179138,37.122696172761536
Bad,108.93821721032756,175.9949676015067,11.062173776110088,40.51798306249847
Bad,118.19185121861938,168.86867831646956,4.048249746749928,33.4399332903626
Bad,123.56668242231422,159.42289604907273,8.749296862145304,32.49171905655689
Bad,130.03979447466537,167.61411550944123,17.724448319285933,38.531798973118114
Bad,136.49141968575498,158.2588175844506,22.11643510099414,39.12169073417204
Bad,133.11217849069,157.6972843668712,17.181524159715213,34.99723426207459
Bad,116.95249762044116,153.8286481332772,11.269759245912116,31.421902572647802
Bad,120.59631668721983,153.2884114127315,4.30977587813929,19.50035190979312
Bad,114.2606059712378,150.05252448877116,7.465513768994166,17.91862725926787
Bad,138.5334115945552,132.64297745759677,20.380952688463186,10.221174937781713
Bad,110.31448335049515,138.42921620507013,12.638973311299468,12.570027505427872
Bad,99.78767581422477,134.3544674251677,5.423086033827872,8.775265380990325
Bad,118.13272033581575,138.20328509834238,19.479537564293075,12.645522898485705
Bad,152.57874938254912,87.54853052227287,46.64224427818817,43.955637493873134
Bad,129.33297327627673,122.38245924158517,63.82727407836284,41.35640091080388
Bad,165.66340278788596,174.20304017195252,46.516958770978285,70.78339840824741
Bad,145.6295668017814,15.183687502402398,50.11248073849701,55.56090051886827
